PC1,PC2
80.85114667893578,-0.0015285931256789791
-20.104431059859856,-0.7544519170493149
-20.173387161348657,2.140973304097695
-20.31230864779671,-1.6588187148517528
-20.26101980993057,0.27382592092905217
